{
  "project_info": {
    "project_number": "612199360945",
    "project_id": "crud-ppb24",
    "storage_bucket": "crud-ppb24.firebasestorage.app"
  },
  "client": [
    {
      "client_info": {
        "mobilesdk_app_id": "1:612199360945:android:d206979e060db7b62e7590",
        "android_client_info": {
          "package_name": "com.ppb24.firebase"
        }
      },
      "oauth_client": [],
      "api_key": [
        {
          "current_key": "AIzaSyBRxGtK2wxEKhgA6H34LxAWhZwubWkK398"
        }
      ],
      "services": {
        "appinvite_service": {
          "other_platform_oauth_client": []
        }
      }
    }
  ],
  "configuration_version": "1"
}